{"name":"cea3e723-4261-412a-902b-f308f4576bf4","id":"/providers/Microsoft.Flow/flows/cea3e723-4261-412a-902b-f308f4576bf4","type":"Microsoft.Flow/flows","properties":{"apiId":"/providers/Microsoft.PowerApps/apis/shared_logicflows","displayName":"有給残高更新フロー","definition":{"metadata":{"workflowEntityId":null,"processAdvisorMetadata":null,"flowChargedByPaygo":null,"flowclientsuspensionreason":"None","flowclientsuspensiontime":null,"flowclientsuspensionreasondetails":null,"creator":{"id":"e829c453-ace3-43ee-be6f-ecb18bc93aa4","type":"User","tenantId":"3946beed-8f15-4000-ab34-d807de15901c"},"provisioningMethod":"FromDefinition","failureAlertSubscription":true,"clientLastModifiedTime":"2025-07-31T10:02:52.3306321Z","connectionKeySavedTimeKey":"2025-07-31T10:02:52.3306321Z","creationSource":null,"modifiedSources":"Portal"},"$schema":"https://schema.management.azure.com/providers/Microsoft.Logic/schemas/2016-06-01/workflowdefinition.json#","contentVersion":"undefined","parameters":{"$authentication":{"defaultValue":{},"type":"SecureObject"},"$connections":{"defaultValue":{},"type":"Object"}},"triggers":{"Run_on_1st_at_8_AM":{"recurrence":{"frequency":"Month","interval":1,"timeZone":"Tokyo Standard Time","startTime":"2025-02-01T01:00:00.000Z"},"metadata":{"operationMetadataId":"b6c88b7d-d566-4d93-baca-262ccbddc0e3"},"type":"Recurrence"}},"actions":{"Get_Employee_Records":{"runAfter":{"Update_Available_and_Total_Days":["Succeeded"]},"metadata":{"operationMetadataId":"a3891fda-df95-4c6c-a2e2-b9a50bf2176d"},"type":"OpenApiConnection","inputs":{"parameters":{"dataset":"https://jplytech.sharepoint.com/sites/CompanyApp","table":"e48da147-f6d0-46e5-b16b-7e9bfbbd8357"},"host":{"apiId":"/providers/Microsoft.PowerApps/apis/shared_sharepointonline","connectionName":"shared_sharepointonline","operationId":"GetItems"},"authentication":"@parameters('$authentication')"}},"Loop_Each_Employee":{"foreach":"@body('Filter_array')","actions":{"Years_of_Entry":{"metadata":{"operationMetadataId":"060a68ff-14d2-444c-a218-d7bdd277d62b"},"type":"SetVariable","inputs":{"name":"Year Of Entry","value":"@div(div(sub(ticks(addHours(utcNow(), 9)), ticks(item()?['EntryDate'])), 864000000000),365)"}},"Update_Days_Offered":{"runAfter":{"Years_of_Entry":["Succeeded"]},"cases":{"Add_10days":{"case":0,"actions":{"Years_of_Entry[0.5,1.5)":{"metadata":{"operationMetadataId":"c2f61781-4d81-4e45-a6fa-105dac722f04"},"type":"SetVariable","inputs":{"name":"Days Offered","value":10}}}},"Add_11days":{"case":1,"actions":{"Years_of_Entry[1.5,2.5)":{"metadata":{"operationMetadataId":"864401d7-3aa8-437d-a2f4-df571790363b"},"type":"SetVariable","inputs":{"name":"Days Offered","value":11}}}},"Add_12days":{"case":2,"actions":{"Years_of_Entry[2.5,3.5)":{"metadata":{"operationMetadataId":"d58aed05-cc3a-4b3b-8da5-3c4cdb644f4f"},"type":"SetVariable","inputs":{"name":"Days Offered","value":12}}}},"Add_14days":{"case":3,"actions":{"Years_of_Entry[3.5,4.5)":{"metadata":{"operationMetadataId":"77382887-1415-49c0-9988-cba3fb02c0a9"},"type":"SetVariable","inputs":{"name":"Days Offered","value":14}}}},"Add_16days":{"case":4,"actions":{"Years_of_Entry[4.5,5.5)":{"metadata":{"operationMetadataId":"53a9a6c4-ea5b-4599-a778-fa3bdfbe6055"},"type":"SetVariable","inputs":{"name":"Days Offered","value":16}}}},"Add_18days":{"case":5,"actions":{"Years_of_Entry[5.5,6.5)_":{"metadata":{"operationMetadataId":"53a9a6c4-ea5b-4599-a778-fa3bdfbe6055"},"type":"SetVariable","inputs":{"name":"Days Offered","value":18}}}}},"default":{"actions":{"Years_of_Entry[6.5,∞)":{"metadata":{"operationMetadataId":"62cf5d03-86eb-4728-bfb8-11666dcbdb16"},"type":"SetVariable","inputs":{"name":"Days Offered","value":20}}}},"expression":"@variables('Year Of Entry')","metadata":{"operationMetadataId":"6f05d8d1-0330-4a0e-aa3d-d22d658c8566"},"type":"Switch"},"Update_Total_Days_and_Available_Days":{"runAfter":{"Update_Days_Offered":["Succeeded"]},"metadata":{"operationMetadataId":"441d23e7-9d85-4ca9-8181-6dbe000c88e1"},"type":"OpenApiConnection","inputs":{"parameters":{"dataset":"https://jplytech.sharepoint.com/sites/CompanyApp","table":"e48da147-f6d0-46e5-b16b-7e9bfbbd8357","id":"@item()?['ID']","item/TotalDays":"@add(item()?['TotalDays'], variables('Days Offered'))\r\n","item/AvailableDays":"@add(item()?['AvailableDays'], variables('Days Offered'))\r\n","item/UsedDays":"@item()?['UsedDays']","item/TotalSubstituteDays":"@item()?['TotalSubstituteDays']","item/UsedSubstituteDays":"@item()?['UsedSubstituteDays']","item/AvailableSubstituteDays":"@item()?['AvailableSubstituteDays']","item/TotalCompensatoryLeaveDays":"@item()?['TotalCompensatoryLeaveDays']","item/UsedCompensatoryLeaveDays":"@item()?['UsedCompensatoryLeaveDays']","item/AvailableCompensatoryLeaveDays":"@item()?['AvailableCompensatoryLeaveDays']","item/TotalSpecialLeaveDays":"@item()?['TotalSpecialLeaveDays']","item/UsedSpecialLeaveDays":"@item()?['UsedSpecialLeaveDays']","item/AvailableSpecialLeaveDays":"@item()?['AvailableSpecialLeaveDays']"},"host":{"apiId":"/providers/Microsoft.PowerApps/apis/shared_sharepointonline","connectionName":"shared_sharepointonline-1","operationId":"PatchItem"},"authentication":"@parameters('$authentication')"}}},"runAfter":{"Filter_array":["Succeeded"]},"metadata":{"operationMetadataId":"c0d6ba3e-e728-4233-b43d-d5ec4349a5c0"},"type":"Foreach"},"Set_Year_Of_Entry":{"runAfter":{"Set_Result":["Succeeded"]},"metadata":{"operationMetadataId":"6ac64153-dd6a-4144-8c5f-06b72aa6c932"},"type":"InitializeVariable","inputs":{"variables":[{"name":"Year Of Entry","type":"integer","value":"@div(sub(ticks(utcNow()),ticks(addDays(utcNow(),-1))),864000000000)"}]}},"Set_Days_Offered":{"runAfter":{"Set_Year_Of_Entry":["Succeeded"]},"metadata":{"operationMetadataId":"f3813fd9-4264-4cce-9c82-61bfeb4f998f"},"type":"InitializeVariable","inputs":{"variables":[{"name":"Days Offered","type":"integer","value":0}]}},"Update_Available_and_Total_Days":{"runAfter":{"Set_Days_Offered":["Succeeded"]},"metadata":{"operationMetadataId":"360c2616-9076-41a1-b870-9f0e3d662212"},"type":"InitializeVariable","inputs":{"variables":[{"name":"AvailableDaysandTotalDays","type":"integer","value":0}]}},"Set_Result":{"runAfter":{"SET_TEST":["Succeeded"]},"metadata":{"operationMetadataId":"3b137349-1201-44d1-83c9-7d8cbc170a02"},"type":"InitializeVariable","inputs":{"variables":[{"name":"Result","type":"integer","value":0}]}},"SET_TEST":{"runAfter":{},"metadata":{"operationMetadataId":"ebfa666f-c995-4e28-8b8c-aeca8f3eed84"},"type":"InitializeVariable","inputs":{"variables":[{"name":"TEST","type":"string"}]}},"Filter_array":{"runAfter":{"Get_Employee_Records":["Succeeded"]},"metadata":{"operationMetadataId":"12566c92-1c49-40ff-b074-a45f28ae2b3e"},"type":"Query","inputs":{"from":"@outputs('Get_Employee_Records')?['body/value']","where":"@equals(formatDateTime(item()?['StartBreakDay'], 'MM-dd'), formatDateTime(addHours(utcNow(), 9), 'MM-01'))"}}}},"connectionReferences":{"shared_sharepointonline":{"connectionName":"7c2d2069f5a54ddfaea7ea616a72fb8b","source":"Embedded","id":"/providers/Microsoft.PowerApps/apis/shared_sharepointonline","tier":"NotSpecified","apiName":"sharepointonline","isProcessSimpleApiReferenceConversionAlreadyDone":false},"shared_sharepointonline-1":{"connectionName":"0f8cea8a4eb04fee88b9bd283fc21d8b","source":"Embedded","id":"/providers/Microsoft.PowerApps/apis/shared_sharepointonline","tier":"NotSpecified","apiName":"sharepointonline","isProcessSimpleApiReferenceConversionAlreadyDone":false}},"flowFailureAlertSubscribed":false,"isManaged":false}}