{"name":"eb417f44-407d-4c29-b7d7-e2c10e696929","id":"/providers/Microsoft.Flow/flows/eb417f44-407d-4c29-b7d7-e2c10e696929","type":"Microsoft.Flow/flows","properties":{"apiId":"/providers/Microsoft.PowerApps/apis/shared_logicflows","displayName":"月次定期勤怠情報_总和","definition":{"metadata":{"workflowEntityId":null,"processAdvisorMetadata":null,"flowChargedByPaygo":null,"flowclientsuspensionreason":"None","flowclientsuspensiontime":null,"flowclientsuspensionreasondetails":null,"creator":{"id":"d09de830-9889-4490-b34c-23c222d86010","type":"User","tenantId":"3946beed-8f15-4000-ab34-d807de15901c"},"provisioningMethod":"FromDefinition","failureAlertSubscription":true,"clientLastModifiedTime":"2025-07-23T09:33:29.6942659Z","connectionKeySavedTimeKey":"2025-07-23T09:33:29.6942659Z","creationSource":null,"modifiedSources":"Portal"},"$schema":"https://schema.management.azure.com/providers/Microsoft.Logic/schemas/2016-06-01/workflowdefinition.json#","contentVersion":"1.0.0.0","parameters":{"$connections":{"defaultValue":{},"type":"Object"},"$authentication":{"defaultValue":{},"type":"SecureObject"}},"triggers":{"毎月3日実行":{"recurrence":{"frequency":"Month","interval":1,"timeZone":"Tokyo Standard Time","startTime":"2025-02-03T00:00:00Z"},"metadata":{"operationMetadataId":"2dd5c7a3-4535-45f4-8651-ab53558fc334"},"type":"Recurrence"}},"actions":{"全員名前取得":{"runAfter":{},"metadata":{"operationMetadataId":"349a20e6-4a79-4b4f-8d6c-ed030e0b7a27"},"type":"OpenApiConnection","inputs":{"host":{"apiId":"/providers/Microsoft.PowerApps/apis/shared_sharepointonline","connectionName":"shared_sharepointonline","operationId":"GetItems"},"parameters":{"dataset":"https://jplytech.sharepoint.com/sites/CompanyApp","table":"1ca21c59-be75-49b5-a526-8367296bb594"},"authentication":"@parameters('$authentication')"}},"勤務表テンプレート取得":{"runAfter":{"初始化变量":["Succeeded"]},"metadata":{"%252fShared%2bDocuments%252f20.%25e5%258b%25a4%25e6%2580%25a0%25e3%2582%25a2%25e3%2583%2597%25e3%2583%25aa%252f%25e5%258b%25a4%25e6%2580%25a0%25e6%259c%2588%25e6%25ac%25a1%25e3%2583%2586%25e3%2583%25b3%25e3%2583%2597%25e3%2583%25ac%25e3%2583%25bc%25e3%2583%2588%252f%25e5%258b%25a4%25e5%258b%2599%25e8%25a1%25a8demo.xlsx":"/Shared Documents/20.勤怠アプリ/勤怠月次テンプレート/勤務表demo.xlsx","operationMetadataId":"301f1ebe-3354-4018-9853-c43ebe088f58","%252fShared%2bDocuments%252f20.%25e5%258b%25a4%25e6%2580%25a0%25e3%2582%25a2%25e3%2583%2597%25e3%2583%25aa%252f%25e5%258b%25a4%25e6%2580%25a0%25e6%259c%2588%25e6%25ac%25a1%25e3%2583%2586%25e3%2583%25b3%25e3%2583%2597%25e3%2583%25ac%25e3%2583%25bc%25e3%2583%2588%252f%25e6%259c%2588%25e6%25ac%25a1%25e5%2585%25a8%25e5%2593%25a1%25e7%25b7%258f%25e5%2590%2588.xlsx":"/Shared Documents/20.勤怠アプリ/勤怠月次テンプレート/月次全員総合.xlsx"},"type":"OpenApiConnection","inputs":{"host":{"apiId":"/providers/Microsoft.PowerApps/apis/shared_sharepointonline","connectionName":"shared_sharepointonline","operationId":"GetFileContent"},"parameters":{"dataset":"https://jplytech.sharepoint.com/sites/CompanyApp","id":"%252fShared%2bDocuments%252f20.%25e5%258b%25a4%25e6%2580%25a0%25e3%2582%25a2%25e3%2583%2597%25e3%2583%25aa%252f%25e5%258b%25a4%25e6%2580%25a0%25e6%259c%2588%25e6%25ac%25a1%25e3%2583%2586%25e3%2583%25b3%25e3%2583%2597%25e3%2583%25ac%25e3%2583%25bc%25e3%2583%2588%252f%25e6%259c%2588%25e6%25ac%25a1%25e5%2585%25a8%25e5%2593%25a1%25e7%25b7%258f%25e5%2590%2588.xlsx","inferContentType":true},"authentication":"@parameters('$authentication')"}},"名前循環":{"foreach":"@outputs('全員名前取得')?['body/value']","actions":{"勤務データ取得_":{"runAfter":{"休暇日数__変数を設定":["Succeeded"]},"metadata":{"operationMetadataId":"849a91ca-f62d-447a-a4e6-1afd0602ee04"},"type":"OpenApiConnection","inputs":{"host":{"apiId":"/providers/Microsoft.PowerApps/apis/shared_sharepointonline","connectionName":"shared_sharepointonline","operationId":"GetItems"},"parameters":{"dataset":"https://jplytech.sharepoint.com/sites/CompanyApp","table":"13301b1f-bc51-41df-a17c-fecf102befbe","$filter":"USERNAME/EMail eq '@{items('名前循環')?['USERNAME/Email']}' and ATTENDANCEDATE ge '@{outputs('前月1日')}' and ATTENDANCEDATE le '@{outputs('前月末')}' "},"authentication":"@parameters('$authentication')"},"runtimeConfiguration":{"paginationPolicy":{"minimumItemCount":2000}}},"経費詳細データ取得":{"runAfter":{"Get_dingqi_Info":["Succeeded"]},"metadata":{"operationMetadataId":"ddfbccb7-59a3-4c9c-a0b9-e4ce32f99d89"},"type":"OpenApiConnection","inputs":{"host":{"apiId":"/providers/Microsoft.PowerApps/apis/shared_sharepointonline","connectionName":"shared_sharepointonline_1","operationId":"GetItems"},"parameters":{"dataset":"https://jplytech.sharepoint.com/sites/CompanyApp","table":"2598d544-dc77-49bc-ab58-6b1051c20968","$filter":"User/EMail eq '@{items('名前循環')?['USERNAME/Email']}' and payday eq '@{formatDateTime( utcNow(),'yyyy年MM月')}'and REQUESTSTATUS eq '承認済'"},"authentication":"@parameters('$authentication')"}},"Get_dingqi_Info":{"runAfter":{"勤務データ取得_":["Succeeded"]},"metadata":{"operationMetadataId":"849a91ca-f62d-447a-a4e6-1afd0602ee04"},"type":"OpenApiConnection","inputs":{"host":{"apiId":"/providers/Microsoft.PowerApps/apis/shared_sharepointonline","connectionName":"shared_sharepointonline","operationId":"GetItems"},"parameters":{"dataset":"https://jplytech.sharepoint.com/sites/CompanyApp","table":"6db23925-d6ff-4217-b839-d8f637de1219","$filter":"USER/EMail eq '@{items('名前循環')?['USERNAME/Email']}' "},"authentication":"@parameters('$authentication')"}},"定期券費用＿ループ中":{"runAfter":{"総工時＿ループ中":["Succeeded"]},"metadata":{"operationMetadataId":"27035876-b067-4897-a8d8-b36d4ddde1b6"},"type":"SetVariable","inputs":{"name":"AMOUNT","value":"@coalesce(int(coalesce(first(outputs('Get_dingqi_Info')?['body/value'])?['AMOUNT'], '0')), 0)"}},"他の経費＿ループ中":{"foreach":"@outputs('経費詳細データ取得')?['body/value']","actions":{"他の経費＿增量":{"runAfter":{},"metadata":{"operationMetadataId":"6ac437ae-fce9-4aa0-b84a-6f6f7e5dd0a5"},"type":"IncrementVariable","inputs":{"name":"otherExpense","value":"@int(replace(string(coalesce(items('他の経費＿ループ中')?['AMOUNT'], '0')), ',', ''))"}}},"runAfter":{"Condition":["Succeeded"]},"metadata":{"operationMetadataId":"82812a1c-38bb-4aae-9bcc-2b350c28e1fd"},"type":"Foreach","runtimeConfiguration":{"concurrency":{"repetitions":40}}},"休暇日数＿ループ中":{"foreach":"@outputs('休暇データ取得')?['body/value']","actions":{"休暇日数__增量":{"runAfter":{},"metadata":{"operationMetadataId":"7a62a3fb-6de5-4f12-8c34-5d08ef1a215e"},"type":"IncrementVariable","inputs":{"name":"AvailableDays","value":"@coalesce(items('休暇日数＿ループ中')?['TOTALDAYS'], '0')\r\n"}},"休暇種類　変数を設定":{"runAfter":{"休暇日数__增量":["Succeeded"]},"metadata":{"operationMetadataId":"f07c350b-b471-436a-9714-a3d7c214c92a"},"type":"SetVariable","inputs":{"name":"leaveType","value":"@items('休暇日数＿ループ中')?['leaveType/Value']"}},"将有休天数*8累加到総工時":{"actions":{"将计算结果累加到_総工時(totalWORKTIME)":{"runAfter":{},"metadata":{"operationMetadataId":"bca15827-eba3-4d9a-bb98-73dd70f8d296"},"type":"IncrementVariable","inputs":{"name":"totalWORKTIME","value":"@mul(items('休暇日数＿ループ中')?['TOTALDAYS'], 8)\r\n"}}},"runAfter":{"休暇種類の天数_変数を設定":["Succeeded"]},"expression":{"and":[{"equals":["@variables('leaveType')","有休"]}]},"metadata":{"operationMetadataId":"bfed7b27-edd1-4021-a549-ce3730ebff6c"},"type":"If"},"休暇種類の天数_変数を設定":{"runAfter":{"休暇種類　変数を設定":["Succeeded"]},"metadata":{"operationMetadataId":"6639d5d7-0f49-41df-b5db-f4afda2aba1e"},"type":"SetVariable","inputs":{"name":"daysOfLeaveType","value":"@item()?['TOTALDAYS']"}}},"runAfter":{"他の経費＿ループ中":["Succeeded"]},"metadata":{"operationMetadataId":"add0ab5c-3d20-4289-b5c9-5b405f9c1a57"},"type":"Foreach","runtimeConfiguration":{"concurrency":{"repetitions":40}}},"插入名字列__在表中插入新行":{"runAfter":{"休暇日数＿ループ中":["Succeeded"]},"metadata":{"operationMetadataId":"921ffe75-f6f2-46a1-b84d-83ff03969309","tableId":"{E66C8FF9-9959-481E-8FE6-E8A4A4755656}"},"type":"OpenApiConnection","inputs":{"host":{"apiId":"/providers/Microsoft.PowerApps/apis/shared_excelonlinebusiness","connectionName":"shared_excelonlinebusiness","operationId":"AddRowV2"},"parameters":{"source":"groups/0962bb95-ec8e-479d-9345-0bdff039cb11","drive":"b!haIYVJ-wSE6uBJx90LnxtC_-fsW62zVLqcNGCiTX674YZ26RIyhkS7kPpym5GmNZ","file":"@outputs('Demo勤怠表を作成する')?['body/Path']","table":"{E66C8FF9-9959-481E-8FE6-E8A4A4755656}","item":{"名前":"@{items('名前循環')?['USERNAME/DisplayName']}"}},"authentication":"@parameters('$authentication')"}},"定期券費用総工時他の経費休暇日数データ挿入":{"runAfter":{"插入名字列__在表中插入新行":["Succeeded"]},"metadata":{"01EMBBX6WUAKAAX3DXTNBLFNFBBEYJHDLW":"/20.勤怠アプリ/勤怠月次テンプレート/勤務表demo.xlsx","operationMetadataId":"a9cac132-010f-4dc0-b990-cc35a43035b5","tableId":"{E66C8FF9-9959-481E-8FE6-E8A4A4755656}"},"type":"OpenApiConnection","inputs":{"host":{"apiId":"/providers/Microsoft.PowerApps/apis/shared_excelonlinebusiness","connectionName":"shared_excelonlinebusiness_1","operationId":"PatchItem"},"parameters":{"source":"groups/0962bb95-ec8e-479d-9345-0bdff039cb11","drive":"b!haIYVJ-wSE6uBJx90LnxtC_-fsW62zVLqcNGCiTX674YZ26RIyhkS7kPpym5GmNZ","file":"@outputs('Demo勤怠表を作成する')?['body/Path']","table":"{E66C8FF9-9959-481E-8FE6-E8A4A4755656}","idColumn":"名前","id":"@items('名前循環')?['USERNAME/DisplayName']","item":{"総工時":"@{variables('totalWORKTIME')}","週末残業":"@{variables('Weekendhrs')}","定期券費用":"@{variables('AMOUNT')}","定期区間":" @{variables('ticketRange')} ","他の経費":"@{variables('otherExpense')}","休暇日数":"@{variables('AvailableDays')}","休暇種類1":"有休","日数1":"@{variables('PaidLeave')}","休暇種類2":"振休","日数2":"@{variables('SubstituteLeave')}","休暇種類3":"代休","日数3":"@{variables('CompensatoryLeave')}","休暇種類4":"特別休暇","日数4":"@{variables('SpecialLeave')}"}},"authentication":"@parameters('$authentication')"}},"総工時__変数を設定":{"runAfter":{"周末加班归零":["Succeeded"]},"metadata":{"operationMetadataId":"545e7b1c-fa9c-453e-95ed-f73e84d46bc8"},"type":"SetVariable","inputs":{"name":"totalWORKTIME","value":0}},"他の経費__変数を設定":{"runAfter":{"総工時__変数を設定":["Succeeded"]},"metadata":{"operationMetadataId":"3ae1180a-56f3-472c-a0b4-0a53bb9425bb"},"type":"SetVariable","inputs":{"name":"otherExpense","value":0}},"休暇日数__変数を設定":{"runAfter":{"他の経費__変数を設定":["Succeeded"]},"metadata":{"operationMetadataId":"cea394a6-636f-4c17-9c53-4072279130e6"},"type":"SetVariable","inputs":{"name":"AvailableDays","value":0}},"对应各个休假种类的totaldays":{"foreach":"@body('筛选有休')","actions":{"增量变量有休":{"runAfter":{},"metadata":{"operationMetadataId":"56d1a04a-a60d-4edf-895e-5ac701d10974"},"type":"IncrementVariable","inputs":{"name":"PaidLeave","value":"@coalesce(items('对应各个休假种类的totaldays')?['TOTALDAYS'],'0')"}}},"runAfter":{"筛选有休":["Succeeded"]},"metadata":{"operationMetadataId":"f246ab14-91d2-4726-af5f-7a81676cfb1c"},"type":"Foreach"},"休暇データ取得":{"runAfter":{"経費詳細データ取得":["Succeeded"]},"metadata":{"operationMetadataId":"ddfbccb7-59a3-4c9c-a0b9-e4ce32f99d89"},"type":"OpenApiConnection","inputs":{"host":{"apiId":"/providers/Microsoft.PowerApps/apis/shared_sharepointonline","connectionName":"shared_sharepointonline_1","operationId":"GetItems"},"parameters":{"dataset":"https://jplytech.sharepoint.com/sites/CompanyApp","table":"5c245de1-7322-4ebf-9c91-28b47ebf4ca3","$filter":"EMPLOYEENAME/EMail eq '@{items('名前循環')?['USERNAME/Email']}' and BEGINNINGTIME ge '@{outputs('前月1日')}' and ENDINGTIME le '@{outputs('前月末')}' and LEAVEREQUESTSTATUS eq '承認済'"},"authentication":"@parameters('$authentication')"}},"総工時＿ループ中":{"foreach":"@outputs('勤務データ取得_')?['body/value']","actions":{"条件":{"actions":{"获取事件的日历视图(V3)":{"runAfter":{},"metadata":{"operationMetadataId":"01e9ac93-338a-4d1e-a680-011d23cc2f41"},"type":"OpenApiConnection","inputs":{"host":{"apiId":"/providers/Microsoft.PowerApps/apis/shared_office365","connectionName":"shared_office365","operationId":"GetEventsCalendarViewV3"},"parameters":{"calendarId":"AAMkAGM2NjNhZTNlLWUwYzctNGI0OC1hY2VmLTZmZWQ4NDhlZTZhMgBGAAAAAACOvB-JfKMZRqQPtGzJhgJLBwCc1UQdIIACS4_2l72kQBfRAAAAAAEGAACc1UQdIIACS4_2l72kQBfRAAAHDW6XAAA=","startDateTimeUtc":"@items('総工時＿ループ中')?['ATTENDANCEDATE']","endDateTimeUtc":"@items('総工時＿ループ中')?['ATTENDANCEDATE']"},"authentication":"@parameters('$authentication')"}},"週末かどうか":{"actions":{"增量变量":{"runAfter":{},"metadata":{"operationMetadataId":"189add80-f702-4cf8-a9fd-8b083878d61b"},"type":"IncrementVariable","inputs":{"name":"Weekendhrs","value":"@float(formatNumber(add(float(split(coalesce(items('総工時＿ループ中')?['WORKTIME'], '0:00'), ':')[0]), div(float(split(coalesce(items('総工時＿ループ中')?['WORKTIME'], '0:00'), ':')[1]), 60)), '0.00'))"}}},"runAfter":{"获取事件的日历视图(V3)":["Succeeded"]},"else":{"actions":{"総工時＿增量":{"runAfter":{},"metadata":{"operationMetadataId":"63c69648-7665-474f-acac-3833f102d7f9"},"type":"IncrementVariable","inputs":{"name":"totalWORKTIME","value":"@float(formatNumber(add(float(split(coalesce(items('総工時＿ループ中')?['WORKTIME'], '0:00'), ':')[0]), div(float(split(coalesce(items('総工時＿ループ中')?['WORKTIME'], '0:00'), ':')[1]), 60)), '0.00'))"}}}},"expression":{"or":[{"equals":["@dayOfWeek(items('総工時＿ループ中')?['ATTENDANCEDATE'])",6]},{"equals":["@dayOfWeek(items('総工時＿ループ中')?['ATTENDANCEDATE'])",0]},{"greater":["@length(outputs('获取事件的日历视图(V3)')?['body/value'])",0]}]},"metadata":{"operationMetadataId":"91d9d2d8-1e52-48fa-880b-34baa4379860"},"type":"If"}},"runAfter":{},"expression":{"or":[{"equals":["@items('総工時＿ループ中')?['STATUS']['Value']","退勤済"]},{"equals":["@items('総工時＿ループ中')?['STATUS']['Value']","承認済"]},{"equals":["@items('総工時＿ループ中')?['DAIKYUSTATUS']","未申請"]}]},"metadata":{"operationMetadataId":"12c6059e-52a4-4136-870b-1bfa2dd0985e"},"type":"If"}},"runAfter":{"对应各个休假种类的totaldays-copy-copy-copy":["Succeeded"]},"metadata":{"operationMetadataId":"b1a1c8ee-f7be-4d9f-afb9-47e4cdf37187"},"type":"Foreach","runtimeConfiguration":{"concurrency":{"repetitions":40}}},"筛选有休":{"runAfter":{"休暇データ取得":["Succeeded"]},"metadata":{"operationMetadataId":"b93c6492-4648-4654-8f9f-e2975b56270c"},"type":"Query","inputs":{"from":"@outputs('休暇データ取得')?['body/value']","where":"@equals(item()?['LEAVETYPE/Value'],'有休')"}},"筛选振休":{"runAfter":{"对应各个休假种类的totaldays":["Succeeded"]},"metadata":{"operationMetadataId":"0d7f3134-a320-47fb-9d0f-7d35276a4337"},"type":"Query","inputs":{"from":"@outputs('休暇データ取得')?['body/value']","where":"@equals(item()?['LEAVETYPE/Value'],'振休')"}},"特別休暇归零":{"runAfter":{"代休归零":["Succeeded"]},"metadata":{"operationMetadataId":"545e7b1c-fa9c-453e-95ed-f73e84d46bc8"},"type":"SetVariable","inputs":{"name":"SpecialLeave","value":0}},"代休归零":{"runAfter":{"振休归零":["Succeeded"]},"metadata":{"operationMetadataId":"545e7b1c-fa9c-453e-95ed-f73e84d46bc8"},"type":"SetVariable","inputs":{"name":"CompensatoryLeave","value":0}},"振休归零":{"runAfter":{"有休归零":["Succeeded"]},"metadata":{"operationMetadataId":"545e7b1c-fa9c-453e-95ed-f73e84d46bc8"},"type":"SetVariable","inputs":{"name":"SubstituteLeave","value":0}},"有休归零":{"runAfter":{},"metadata":{"operationMetadataId":"545e7b1c-fa9c-453e-95ed-f73e84d46bc8"},"type":"SetVariable","inputs":{"name":"PaidLeave","value":0}},"对应各个休假种类的totaldays-copy":{"foreach":"@body('筛选振休')","actions":{"增量变量振休":{"runAfter":{},"metadata":{"operationMetadataId":"60c1c052-f512-4df8-a309-e58ac1004bf6"},"type":"IncrementVariable","inputs":{"name":"SubstituteLeave","value":"@coalesce(items('对应各个休假种类的totaldays-copy')?['TOTALDAYS'],'0')"}}},"runAfter":{"筛选振休":["Succeeded"]},"metadata":{"operationMetadataId":"14f0d410-7327-47d5-8d8d-62e879ad264c"},"type":"Foreach"},"筛选代休":{"runAfter":{"对应各个休假种类的totaldays-copy":["Succeeded"]},"metadata":{"operationMetadataId":"ec660117-d8fb-48f8-a734-ff291a2b3856"},"type":"Query","inputs":{"from":"@outputs('休暇データ取得')?['body/value']","where":"@equals(item()?['LEAVETYPE/Value'],'代休')"}},"对应各个休假种类的totaldays-copy-copy":{"foreach":"@body('筛选代休')","actions":{"增量变量代休":{"runAfter":{},"metadata":{"operationMetadataId":"881fc115-a3d3-43fa-8759-4c12c7f374e2"},"type":"IncrementVariable","inputs":{"name":"CompensatoryLeave","value":"@coalesce(items('对应各个休假种类的totaldays-copy-copy')?['TOTALDAYS'],'0')"}}},"runAfter":{"筛选代休":["Succeeded"]},"metadata":{"operationMetadataId":"cedcacce-d6cc-4b4c-ad93-638749ccae87"},"type":"Foreach"},"筛选特別休暇":{"runAfter":{"对应各个休假种类的totaldays-copy-copy":["Succeeded"]},"metadata":{"operationMetadataId":"8d545c5e-0389-453d-9e3b-4bee6e4ba351"},"type":"Query","inputs":{"from":"@outputs('休暇データ取得')?['body/value']","where":"@equals(item()?['LEAVETYPE/Value'],'特別休暇')"}},"对应各个休假种类的totaldays-copy-copy-copy":{"foreach":"@body('筛选特別休暇')","actions":{"增量变量特别休暇":{"runAfter":{},"metadata":{"operationMetadataId":"3d1c2fa1-5994-403c-a6bb-809bb99bf506"},"type":"IncrementVariable","inputs":{"name":"SpecialLeave","value":"@coalesce(items('对应各个休假种类的totaldays-copy-copy-copy')?['TOTALDAYS'],'0')"}}},"runAfter":{"筛选特別休暇":["Succeeded"]},"metadata":{"operationMetadataId":"74a861fd-30f2-4431-a3d2-929f9acf70bf"},"type":"Foreach"},"Condition":{"actions":{"定期区間_変数を設定_2":{"runAfter":{},"metadata":{"operationMetadataId":"b021c543-f756-413a-a86f-bebd0352ea9b"},"type":"SetVariable","inputs":{"name":"ticketRange","value":"無し"}}},"runAfter":{"定期券費用＿ループ中":["Succeeded"]},"else":{"actions":{"定期区間_変数を設定":{"runAfter":{},"metadata":{"operationMetadataId":"b021c543-f756-413a-a86f-bebd0352ea9b"},"type":"SetVariable","inputs":{"name":"ticketRange","value":"@{outputs('Get_dingqi_Info')?['body']['value'][0]['STARTSTATION']} ~ @{outputs('Get_dingqi_Info')?['body']['value'][0]['ENDSTATION']}"}}}},"expression":{"equals":["@variables('AMOUNT')",0]},"metadata":{"operationMetadataId":"7325075f-49c7-498b-9859-94b03a71de65"},"type":"If"},"周末加班归零":{"runAfter":{"特別休暇归零":["Succeeded"]},"metadata":{"operationMetadataId":"62869f30-e043-43d4-821a-7f9b86d940e7"},"type":"SetVariable","inputs":{"name":"Weekendhrs","value":0}}},"runAfter":{"Demo勤怠表を作成する":["Succeeded"]},"metadata":{"operationMetadataId":"0a40ea04-4aab-432c-aa58-3e2cdf3fcdda"},"type":"Foreach"},"前月1日":{"runAfter":{"全員名前取得":["Succeeded"]},"metadata":{"operationMetadataId":"9c328e5b-7632-4dba-adb1-95d787c29e43"},"type":"Compose","inputs":"@formatDateTime(convertTimeZone(addToTime(startOfMonth(utcNow()), -1, 'Month'), 'UTC', 'Tokyo Standard Time'), 'yyyy/MM/dd')"},"前月年月":{"runAfter":{"前月1日":["Succeeded"]},"metadata":{"operationMetadataId":"390b2005-feec-4eac-ad21-ad49fe1be95f"},"type":"Compose","inputs":"@formatDateTime(convertTimeZone(addToTime(startOfMonth(utcNow()), -1, 'Month'), 'UTC', 'Tokyo Standard Time'), 'yyyy/MM')"},"前月末":{"runAfter":{"前月年月":["Succeeded"]},"metadata":{"operationMetadataId":"3d4ee6cd-4d03-4ed4-90c1-c5e7f4f261cc"},"type":"Compose","inputs":"@formatDateTime(convertTimeZone(addToTime(startOfMonth(utcNow()), -1, 'Day'), 'UTC', 'Tokyo Standard Time'), 'yyyy/MM/dd')"},"今の時間":{"runAfter":{"前月末":["Succeeded"]},"metadata":{"operationMetadataId":"eb2e1dd1-007d-42c1-98bf-87da67bf35ec"},"type":"Compose","inputs":"@formatDateTime(convertTimeZone(utcNow(), 'UTC', 'Tokyo Standard Time'), 'HH時mm分ss秒')"},"総工時":{"runAfter":{"今の時間":["Succeeded"]},"metadata":{"operationMetadataId":"dfd9a248-8628-457e-a7fd-ce500f5df3f7"},"type":"InitializeVariable","inputs":{"variables":[{"name":"totalWORKTIME","type":"float","value":0}]}},"Demo勤怠表を作成する":{"runAfter":{"勤務表テンプレート取得":["Succeeded"]},"metadata":{"operationMetadataId":"ae046721-c0a8-433f-b75d-12cd68b0dd87"},"type":"OpenApiConnection","inputs":{"host":{"apiId":"/providers/Microsoft.PowerApps/apis/shared_sharepointonline","connectionName":"shared_sharepointonline","operationId":"CreateFile"},"parameters":{"dataset":"https://jplytech.sharepoint.com/sites/CompanyApp","folderPath":"/Shared Documents/20.勤怠アプリ/全員総合まとめ/@{outputs('前月年月')}月","name":"@{outputs('前月年月')}月次勤怠総合情報.xlsx","body":"@body('勤務表テンプレート取得')"},"authentication":"@parameters('$authentication')"},"runtimeConfiguration":{"contentTransfer":{"transferMode":"Chunked"}}},"定期券費用":{"runAfter":{"総工時":["Succeeded"]},"metadata":{"operationMetadataId":"72b6642a-9e68-456f-a40b-7907b6facd17"},"type":"InitializeVariable","inputs":{"variables":[{"name":"AMOUNT","type":"integer"}]}},"他の経費":{"runAfter":{"定期区间":["Succeeded"]},"metadata":{"operationMetadataId":"04610252-5c00-4d68-9e7a-867f8b3bff07"},"type":"InitializeVariable","inputs":{"variables":[{"name":"otherExpense","type":"integer","value":0}]}},"休暇日数":{"runAfter":{"他の経費":["Succeeded"]},"metadata":{"operationMetadataId":"021a66d5-dd50-4fa9-b458-3b4262c9f6ad"},"type":"InitializeVariable","inputs":{"variables":[{"name":"AvailableDays","type":"float"}]}},"休暇種類":{"runAfter":{"休暇日数":["Succeeded"]},"metadata":{"operationMetadataId":"831ca955-d859-4d6a-8e8e-51e6a6faab43"},"type":"InitializeVariable","inputs":{"variables":[{"name":"leaveType","type":"string"}]}},"定期区间":{"runAfter":{"定期券費用":["Succeeded"]},"metadata":{"operationMetadataId":"14d32e75-4685-4c76-82ef-ad89cc0b414e"},"type":"InitializeVariable","inputs":{"variables":[{"name":"ticketRange","type":"string"}]}},"休暇種類の天数":{"runAfter":{"休暇種類":["Succeeded"]},"metadata":{"operationMetadataId":"5823d049-b094-4477-a8d2-0d84e1832ad6"},"type":"InitializeVariable","inputs":{"variables":[{"name":"daysOfLeaveType","type":"float"}]}},"初始化有休":{"runAfter":{"休暇種類の天数":["Succeeded"]},"metadata":{"operationMetadataId":"7d7a24b0-5d6f-4aac-851f-21a899bb3cf3"},"type":"InitializeVariable","inputs":{"variables":[{"name":"PaidLeave","type":"float"}]}},"初始化振休":{"runAfter":{"初始化有休":["Succeeded"]},"metadata":{"operationMetadataId":"fe61fe6d-bbe7-46b0-b679-5b6738a29d06"},"type":"InitializeVariable","inputs":{"variables":[{"name":"SubstituteLeave","type":"float"}]}},"初始化代休":{"runAfter":{"初始化振休":["Succeeded"]},"metadata":{"operationMetadataId":"18e381d2-6c73-4fad-bf51-a956e092e818"},"type":"InitializeVariable","inputs":{"variables":[{"name":"CompensatoryLeave","type":"float"}]}},"初始化特別休暇":{"runAfter":{"初始化代休":["Succeeded"]},"metadata":{"operationMetadataId":"ac1387be-97aa-452a-8af4-9740d477757e"},"type":"InitializeVariable","inputs":{"variables":[{"name":"SpecialLeave","type":"float"}]}},"初始化变量":{"runAfter":{"初始化特別休暇":["Succeeded"]},"metadata":{"operationMetadataId":"87c6fbd0-b9a9-4d27-b5cc-c3ef335f124a"},"type":"InitializeVariable","inputs":{"variables":[{"name":"Weekendhrs","type":"float","value":0}]}}}},"connectionReferences":{"shared_sharepointonline":{"connectionName":"0f8cea8a4eb04fee88b9bd283fc21d8b","source":"Embedded","id":"/providers/Microsoft.PowerApps/apis/shared_sharepointonline","tier":"NotSpecified","apiName":"sharepointonline","isProcessSimpleApiReferenceConversionAlreadyDone":false},"shared_sharepointonline_1":{"connectionName":"0f8cea8a4eb04fee88b9bd283fc21d8b","source":"Embedded","id":"/providers/Microsoft.PowerApps/apis/shared_sharepointonline","tier":"NotSpecified","apiName":"sharepointonline","isProcessSimpleApiReferenceConversionAlreadyDone":false},"shared_excelonlinebusiness":{"connectionName":"ccb36ebf02b541ab80003c171092c90a","source":"Embedded","id":"/providers/Microsoft.PowerApps/apis/shared_excelonlinebusiness","tier":"NotSpecified","apiName":"excelonlinebusiness","isProcessSimpleApiReferenceConversionAlreadyDone":false},"shared_excelonlinebusiness_1":{"connectionName":"ccb36ebf02b541ab80003c171092c90a","source":"Embedded","id":"/providers/Microsoft.PowerApps/apis/shared_excelonlinebusiness","tier":"NotSpecified","apiName":"excelonlinebusiness","isProcessSimpleApiReferenceConversionAlreadyDone":false},"shared_office365":{"connectionName":"43fd90a20abc43108d2573d331f69090","source":"Embedded","id":"/providers/Microsoft.PowerApps/apis/shared_office365","tier":"NotSpecified","apiName":"office365","isProcessSimpleApiReferenceConversionAlreadyDone":false}},"flowFailureAlertSubscribed":false,"isManaged":false}}